,precision,recall,f1-score,support
0,1.0,0.8888888888888888,0.9411764705882353,9.0
1,0.972972972972973,1.0,0.9863013698630138,36.0
accuracy,0.9777777777777777,0.9777777777777777,0.9777777777777777,0.9777777777777777
macro avg,0.9864864864864865,0.9444444444444444,0.9637389202256246,45.0
weighted avg,0.9783783783783785,0.9777777777777777,0.977276390008058,45.0
