,precision,recall,f1-score,support
0,0.0,0.0,0.0,7.0
1,0.7666666666666667,1.0,0.8679245283018869,23.0
accuracy,0.7666666666666667,0.7666666666666667,0.7666666666666667,0.7666666666666667
macro avg,0.38333333333333336,0.5,0.43396226415094347,30.0
weighted avg,0.5877777777777777,0.7666666666666667,0.6654088050314467,30.0
